<lineitems>
  <lineitem order_id="1" lineitem="1" update_type="-1">
    <product_id>1</product_id>
    <order_quantity>10</order_quantity>
    <extended_price>10</extended_price>
    <product_desc>Strawberry Jam</product_desc>
  </lineitem>
  <lineitem order_id="1" lineitem="2" update_type="-1">
    <product_id>5</product_id>
    <order_quantity>1</order_quantity>
    <extended_price>1</extended_price>
    <product_desc>Shine</product_desc>
  </lineitem>
  <lineitem order_id="1" lineitem="3" update_type="-1">
    <product_id>2</product_id>
    <order_quantity>10</order_quantity>
    <extended_price>10</extended_price>
    <product_desc>Strawberry Jelly</product_desc>
  </lineitem>
  <lineitem order_id="2" lineitem="1" update_type="-1">
    <product_id>1</product_id>
    <order_quantity>10</order_quantity>
    <extended_price>10</extended_price>
    <product_desc>Strawberry Jam</product_desc>
  </lineitem>
  <lineitem order_id="2" lineitem="2" update_type="-1">
    <product_id>5</product_id>
    <order_quantity>1</order_quantity>
    <extended_price>1</extended_price>
    <product_desc>Shine</product_desc>
  </lineitem>
  <lineitem order_id="4" lineitem="1" update_type="-1">
    <product_id>5</product_id>
    <order_quantity>1</order_quantity>
    <extended_price>1</extended_price>
    <product_desc>Shine</product_desc>
  </lineitem>
</lineitems>