<cust_ord_lineitems>
  <customers>
    <customer customer_id="1" update_type="-1">
      <first_name>Rick</first_name>
      <last_name>Phillips</last_name>
      <email>hi_you1123@gmail.com</email>
      <telephone>123 456-7788</telephone>
      <orders>
        <order cust_id="1" order_id="1" update_type="-1">
          <order_date>1/18/2021 12:00:00 AM</order_date>
          <lineitems>
            <lineitem order_id="1" line_item="1" update_type="-1">
              <product_id>1</product_id>
              <order_quantity>10</order_quantity>
              <extended_price>29.5</extended_price>
              <product_desc>Strawberry Jam</product_desc>
            </lineitem>
            <lineitem order_id="1" line_item="2" update_type="-1">
              <product_id>5</product_id>
              <order_quantity>1</order_quantity>
              <extended_price>50</extended_price>
              <product_desc>Shine</product_desc>
            </lineitem>
            <lineitem order_id="1" line_item="3" update_type="-1">
              <product_id>2</product_id>
              <order_quantity>10</order_quantity>
              <extended_price>100</extended_price>
              <product_desc>Strawberry Jelly</product_desc>
            </lineitem>
          </lineitems>
        </order>
        <order cust_id="1" order_id="2" update_type="-1">
          <order_date>1/18/2021 12:00:00 AM</order_date>
          <lineitems>
            <lineitem order_id="2" line_item="1" update_type="-1">
              <product_id>1</product_id>
              <order_quantity>10</order_quantity>
              <extended_price>29.5</extended_price>
              <product_desc>Strawberry Jam</product_desc>
            </lineitem>
            <lineitem order_id="2" line_item="2" update_type="-1">
              <product_id>5</product_id>
              <order_quantity>1</order_quantity>
              <extended_price>50</extended_price>
              <product_desc>Shine</product_desc>
            </lineitem>
          </lineitems>
        </order>
        <order cust_id="1" order_id="5" update_type="-1">
          <order_date>1/27/2021 12:00:00 AM</order_date>
          <lineitems />
        </order>
      </orders>
    </customer>
    <customer customer_id="2" update_type="-1">
      <first_name>Mary</first_name>
      <last_name>Phillips</last_name>
      <email>help@gmail.com</email>
      <telephone>981 765-4321</telephone>
      <orders>
        <order cust_id="2" order_id="3" update_type="-1">
          <order_date>1/18/2021 12:00:00 AM</order_date>
          <lineitems />
        </order>
        <order cust_id="2" order_id="4" update_type="-1">
          <order_date>1/18/2021 12:00:00 AM</order_date>
          <lineitems>
            <lineitem order_id="4" line_item="1" update_type="-1">
              <product_id>5</product_id>
              <order_quantity>1</order_quantity>
              <extended_price>52.5</extended_price>
              <product_desc>Shine</product_desc>
            </lineitem>
          </lineitems>
        </order>
      </orders>
    </customer>
    <customer customer_id="2" update_type="1">
      <first_name>Daniel</first_name>
      <last_name>Phillips</last_name>
      <email>email@gmail.com</email>
      <telephone>telehone</telephone>
			<orders />
    </customer>
  </customers>
</cust_ord_lineitems>