<orders>
  <order cust_id="1" order_id="1" update_type="-1">
    <order_date>1/18/2021 12:00:00 AM</order_date>
  </order>
  <order cust_id="1" order_id="2" update_type="-1">
    <order_date>1/18/2021 12:00:00 AM</order_date>
  </order>
  <order cust_id="2" order_id="3" update_type="-1">
    <order_date>1/18/2021 12:00:00 AM</order_date>
  </order>
  <order cust_id="2" order_id="4" update_type="-1">
    <order_date>1/18/2021 12:00:00 AM</order_date>
  </order>
  <order cust_id="1" order_id="5" update_type="-1">
    <order_date>1/27/2021 12:00:00 AM</order_date>
  </order>
</orders>