<products>
  <product id="1">
    <product_desc>Strawberry Jam</product_desc>
    <product_name>Strawberry Jam</product_name>
    <quantity_on_hane>Grandpa's Strawberry Jam</quantity_on_hane>
    <product_length>10</product_length>
    <product_width>15</product_width>
  </product>
  <product id="2">
    <product_desc>Strawberry Jelly</product_desc>
    <product_name>Strawberry Jelly</product_name>
    <quantity_on_hane>Grandpa's Strawberry Jelly</quantity_on_hane>
    <product_length>100</product_length>
    <product_width>15</product_width>
  </product>
  <product id="3">
    <product_desc>Blueberry Jam</product_desc>
    <product_name>Blueberry Jam</product_name>
    <quantity_on_hane>Grandpa's Blueberry Jam</quantity_on_hane>
    <product_length>10</product_length>
    <product_width>15</product_width>
  </product>
  <product id="4">
    <product_desc>Blueberry Jelly</product_desc>
    <product_name>Blueberry Jelly</product_name>
    <quantity_on_hane>Grandpa's Blueberry Jelly</quantity_on_hane>
    <product_length>10</product_length>
    <product_width>15</product_width>
  </product>
  <product id="5">
    <product_desc>Shine</product_desc>
    <product_name>Shine</product_name>
    <quantity_on_hane>Grandma's Shine</quantity_on_hane>
    <product_length>10</product_length>
    <product_width>15</product_width>
  </product>
</products>